timestamp,text,user,platform
2024-03-15 09:30:00,Just tried the new coffee shop downtown - absolutely amazing! #coffee #foodie,@coffee_lover,Twitter
2024-03-15 10:15:00,This weather is terrible today... stuck inside again ğŸ˜¢,@weather_watcher,Twitter
2024-03-15 11:00:00,Can't believe how great the customer service was at @TechStore! Definitely coming back.,@happy_shopper,Twitter
2024-03-15 12:30:00,The traffic is horrible today. Been stuck for an hour! #frustrated,@commuter,Twitter
2024-03-15 13:45:00,Just finished reading an amazing book! Highly recommend 'The Innovation Mindset' ğŸ“š,@bookworm,Twitter
2024-03-15 14:20:00,Not impressed with the new phone update. So many bugs! ğŸ˜¤,@tech_user,Twitter
2024-03-15 15:00:00,Beautiful sunset today! Nature never fails to amaze me ğŸŒ… #nature #photography,@nature_lover,Twitter
2024-03-15 16:30:00,Best pizza I've ever had! @PizzaPlace you guys rock! ğŸ•,@foodie,Twitter
2024-03-15 17:15:00,Why is the internet so slow today? Can't get any work done...,@remote_worker,Twitter
2024-03-15 18:00:00,Just got promoted! Hard work pays off! ğŸ‰ #career #success,@professional,Twitter
2024-03-15 19:30:00,Movie night was a total disappointment. Save your money folks.,@movie_buff,Twitter
2024-03-15 20:15:00,Such an inspiring conference today! Learned so much! #learning #growth,@learner,Twitter
2024-03-15 21:00:00,Missing summer days... winter feels too long this year â„ï¸,@seasonal,Twitter
2024-03-15 22:30:00,New restaurant in town is a complete disaster. Awful service and mediocre food.,@food_critic,Twitter
2024-03-15 23:45:00,Just finished my first marathon! Feeling proud and exhausted! ğŸƒâ€â™‚ï¸ #fitness #achievement,@runner,Twitter 